{"train_loss_vit": [0.6893289089202881, 0.6641791462898254, 0.6525334119796753, 0.6415137052536011, 0.6331351399421692, 0.6296206116676331, 0.6228673458099365, 0.6173515319824219, 0.6106439232826233, 0.6044768691062927, 0.6004149913787842, 0.5922974348068237, 0.5895535945892334, 0.5867295265197754, 0.5815556645393372], "train_acc_vit": [0.5364001393318176, 0.5818973779678345, 0.5981473922729492, 0.6112458109855652, 0.627845287322998, 0.6314457654953003, 0.6423454284667969, 0.6494452357292175, 0.6593446731567383, 0.6650449633598328, 0.6738438606262207, 0.6791947484016418, 0.6825939416885376, 0.6812942624092102, 0.6878934502601624], "test_loss_vit": [0.6632913947105408, 0.6434834599494934, 0.6323062777519226, 0.6218746304512024, 0.6153306365013123, 0.6043681502342224, 0.6041715741157532, 0.5891434550285339, 0.5837721824645996, 0.5763893723487854, 0.5779245495796204, 0.557568371295929, 0.5587365031242371, 0.5593459010124207, 0.5507435202598572], "test_acc_vit": [0.5953999161720276, 0.6339995861053467, 0.6321995854377747, 0.652399480342865, 0.6601999402046204, 0.6703997254371643, 0.6725993752479553, 0.6943997144699097, 0.698799729347229, 0.703399658203125, 0.6983998417854309, 0.7149996757507324, 0.7151996493339539, 0.713799774646759, 0.7176000475883484], "train_loss_lenet": [0.6929808259010315, 0.6871337294578552, 0.6735892295837402, 0.6614816784858704, 0.6448493599891663, 0.6349464058876038, 0.6258030533790588, 0.6148203611373901, 0.6085097193717957, 0.5978912711143494, 0.5940779447555542, 0.5895517468452454, 0.5831120014190674, 0.5770344138145447, 0.5728803873062134], "train_acc_lenet": [0.5070002675056458, 0.5470988154411316, 0.5837481021881104, 0.6077475547790527, 0.6310456395149231, 0.6424455642700195, 0.6508454084396362, 0.6627941727638245, 0.6649447679519653, 0.6777445077896118, 0.6796941757202148, 0.6817943453788757, 0.6958429217338562, 0.6945932507514954, 0.7022430896759033], "test_loss_lenet": [0.6887115836143494, 0.6709330081939697, 0.6654824614524841, 0.6201530694961548, 0.6136206388473511, 0.5889930129051208, 0.5798102021217346, 0.5657785534858704, 0.5649206042289734, 0.5501894950866699, 0.5453953742980957, 0.5282244086265564, 0.5573690533638, 0.5261224508285522, 0.5186524391174316], "test_acc_lenet": [0.5554000735282898, 0.5943993926048279, 0.5896000862121582, 0.6558001637458801, 0.6557996869087219, 0.6945998072624207, 0.7047997117042542, 0.7041997909545898, 0.7079997658729553, 0.7165995836257935, 0.7200002670288086, 0.7373999953269958, 0.7115998864173889, 0.7412000298500061, 0.738199770450592]}